id,first_name,last_name,email,gender,ip_address
1,Kelley,Jakoubec,kjakoubec0@list-manage.com,Male,194.24.86.209
2,Alyss,Probbing,aprobbing1@forbes.com,Female,225.28.40.125
3,Gill,Manson,gmanson2@auda.org.au,Male,53.77.206.129
4,Hugh,Golightly,hgolightly3@mit.edu,Male,217.241.131.230
5,Clementine,Brandin,cbrandin4@telegraph.co.uk,Female,116.244.225.254
6,Nadeen,Carabet,ncarabet5@spotify.com,Female,12.136.69.232
7,Costanza,Van der Mark,cvandermark6@wordpress.org,Female,80.59.178.89
8,Shaine,Sieghard,ssieghard7@issuu.com,Polygender,189.250.96.153
9,Tansy,Mourgue,tmourgue8@biglobe.ne.jp,Female,69.54.6.151
10,Henka,Corkish,hcorkish9@nature.com,Female,189.46.74.32
