id,first_name,last_name,email,gender,ip_address
1,Marcellus,Arboine,marboine0@webnode.com,Male,216.81.94.54
2,Adriane,Alliban,aalliban1@tinyurl.com,Female,159.246.204.37
3,Nial,Nannini,nnannini2@seesaa.net,Male,176.67.12.91
4,Tabby,Anthoin,tanthoin3@google.nl,Female,65.57.70.32
5,Cece,Hudless,chudless4@miibeian.gov.cn,Male,29.219.196.88
6,Taylor,Golly,tgolly5@pbs.org,Male,35.137.132.5
7,Siana,Scoone,sscoone6@nsw.gov.au,Female,147.26.6.46
8,Tailor,Klebes,tklebes7@paypal.com,Male,226.228.235.86
9,Esmaria,Durno,edurno8@jimdo.com,Female,211.23.182.29
10,Lucienne,Jira,ljira9@tripod.com,Bigender,137.235.170.7
11,Miguela,Merrigan,mmerrigana@elpais.com,Female,106.195.164.36
12,Hermine,Beades,hbeadesb@epa.gov,Female,13.8.188.211
13,Chantalle,Dickman,cdickmanc@linkedin.com,Female,125.191.121.17
14,Tomas,Bonas,tbonasd@sitemeter.com,Male,120.134.255.217
15,Nicola,Fitchew,nfitchewe@ifeng.com,Female,211.185.15.101
16,Dannel,Middup,dmiddupf@hp.com,Genderqueer,86.190.144.86
17,Emylee,Havesides,ehavesidesg@craigslist.org,Female,100.150.142.223
18,Cordie,Lezemere,clezemereh@github.io,Non-binary,47.13.251.218
19,Frasco,Di Filippo,fdifilippoi@fc2.com,Male,72.146.79.66
20,Keen,Rands,krandsj@pen.io,Male,144.229.167.115
